customer_id,customer_name,reg_date
1,Manish Shetty,2024-11-02
2,Ramesh Chopra,2023-01-20
3,Sunil Jain,2020-10-18
4,Gaurav Mishra,2018-03-13
5,Vijay Rana,2022-10-11
6,Yash Agarwal,2019-01-06
7,Sanjay Kumar,2021-06-07
8,Arjun Singh,2024-08-22
9,Deepak Bose,2020-04-02
10,Yash Bajaj,2022-02-15
11,Nikhil Agarwal,2023-01-25
12,Lokesh Naidu,2024-06-26
13,Yash Bose,2022-02-17
14,Ramesh Menon,2024-03-01
15,Sanjay Pandey,2023-06-05
16,Karan Pandey,2023-10-22
17,Vikas Singh,2023-05-19
18,Ramesh Singh,2024-11-20
19,Ravi Tripathi,2022-10-13
20,Nikhil Naidu,2023-02-23
21,Aditya Bose,2024-04-14
22,Aditya Menon,2023-12-25
23,Aditya Kumar,2021-03-06
24,Ravi Bose,2018-02-11
25,Arjun Sharma,2019-11-13
26,Ravi Pandey,2018-01-27
27,Arjun Shetty,2020-02-16
28,Anup Nair,2023-04-06
29,Sunil Pandey,2023-01-08
30,Sunil Menon,2019-01-02
31,Kishore Joshi,2019-08-21
32,Sanjay Joshi,2023-10-26
33,Kishore Shetty,2024-12-01
34,Rahul Patel,2020-09-02
35,Arjun Nair,2019-08-06
36,Amit Mishra,2018-03-01
37,Gaurav Kumar,2018-03-17
38,Pranav Bose,2018-05-04
39,Shivam Bose,2023-08-17
40,Deepak Rao,2023-04-26
41,Rajesh Pandey,2021-07-24
42,Suresh Rana,2021-06-24
43,Yash Gupta,2019-01-11
44,Amit Rana,2018-03-05
45,Anup Rana,2024-12-08
46,Nikhil Bose,2023-07-01
47,Amit Shetty,2021-06-17
48,Shivam Menon,2018-04-01
49,Anil Reddy,2019-03-08
50,Ramesh Mishra,2018-03-01
51,Rahul Chopra,2018-09-26
52,Tarun Bajaj,2022-10-09
53,Suresh Mehta,2019-08-18
54,Pranav Mehta,2023-06-04
55,Deepak Reddy,2020-07-09
56,Vikas Reddy,2023-01-25
57,Ajay Menon,2021-03-02
58,Rajesh Jain,2022-05-03
59,Kapil Nair,2023-12-27
60,Anup Chatterjee,2018-01-23
61,Ajay Joshi,2020-08-19
62,Rajesh Sharma,2020-05-03
63,Tarun Jain,2021-04-24
64,Deepak Menon,2023-07-17
65,Gaurav Shetty,2018-06-28
66,Rajesh Chatterjee,2023-04-26
67,Rahul Joshi,2019-12-03
68,Rajesh Bajaj,2022-08-04
69,Kapil Reddy,2022-02-07
70,Rohit Jain,2022-04-25
71,Tarun Kumar,2024-07-07
72,Suresh Chatterjee,2024-11-25
73,Kapil Mehta,2021-08-08
74,Ramesh Reddy,2024-09-21
75,Rohit Chopra,2020-01-26
76,Ajay Shetty,2022-01-05
77,Ajay Rao,2023-11-02
78,Ravi Singh,2018-08-10
79,Ajay Kapoor,2023-01-07
80,Ramesh Sharma,2021-07-03
81,Vijay Chopra,2018-08-05
82,Tarun Chopra,2018-09-17
83,Sunil Gupta,2018-08-03
84,Tarun Reddy,2021-09-19
85,Rahul Rao,2019-09-14
86,Kishore Rao,2024-03-09
87,Sanjay Bajaj,2020-11-01
88,Suresh Sharma,2018-05-04
89,Vijay Pandey,2019-04-03
90,Aditya Pandey,2022-07-03
91,Rohit Reddy,2021-10-22
92,Karan Mishra,2023-05-17
93,Kapil Rao,2018-07-26
94,Anil Kapoor,2024-05-16
95,Manish Gupta,2022-01-11
96,Nikhil Nair,2021-12-22
97,Tarun Patel,2018-02-13
98,Nikhil Menon,2022-08-19
99,Tarun Rao,2022-09-13
100,Harsh Naidu,2023-05-19
101,Suresh Reddy,2022-02-28
102,Ramesh Bajaj,2024-01-11
103,Kunal Rana,2024-12-20
104,Karan Sharma,2023-02-02
105,Aditya Tripathi,2023-04-03
106,Rahul Agarwal,2018-11-13
107,Lokesh Chopra,2021-09-03
108,Ravi Menon,2021-08-18
109,Rahul Kapoor,2019-10-22
110,Harsh Rana,2019-08-12
111,Karan Nair,2022-06-23
112,Rahul Bose,2020-02-12
113,Yash Kapoor,2020-02-28
114,Rohit Chatterjee,2018-10-22
115,Rahul Pandey,2019-09-26
116,Arjun Jain,2020-03-23
117,Rajesh Chopra,2021-05-21
118,Rohit Tripathi,2019-10-03
119,Arjun Kumar,2022-07-17
120,Deepak Tripathi,2021-01-21
121,Kapil Verma,2019-10-19
122,Harsh Shetty,2024-04-12
123,Arjun Chopra,2019-09-25
124,Kapil Shetty,2023-03-22
125,Ravi Naidu,2020-07-27
126,Vikas Rao,2020-12-07
127,Yash Tripathi,2020-02-15
128,Gaurav Singh,2019-06-25
129,Manish Rana,2020-01-11
130,Deepak Mishra,2022-05-26
131,Sunil Chopra,2019-11-10
132,Kapil Kapoor,2018-09-21
133,Sunil Kapoor,2024-12-28
134,Vijay Kumar,2022-07-19
135,Amit Sharma,2018-10-03
136,Lokesh Singh,2018-02-27
137,Tarun Bose,2022-03-01
138,Anil Joshi,2019-03-08
139,Arjun Agarwal,2022-11-14
140,Kunal Agarwal,2022-01-22
141,Kunal Kumar,2024-01-14
142,Manish Patel,2018-02-11
143,Amit Joshi,2024-10-01
144,Sanjay Nair,2024-05-20
145,Harsh Chatterjee,2024-10-14
146,Manish Chopra,2019-05-09
147,Suresh Mishra,2023-02-02
148,Yash Shetty,2023-01-11
149,Rahul Naidu,2021-12-01
150,Kishore Bajaj,2021-04-22
151,Aditya Mehta,2020-04-23
152,Aditya Agarwal,2024-05-03
153,Nikhil Chopra,2020-06-25
154,Rohit Pandey,2022-08-07
155,Deepak Kumar,2024-05-06
156,Pranav Rao,2021-05-03
157,Amit Patel,2024-02-11
158,Lokesh Verma,2019-09-08
159,Deepak Naidu,2023-08-12
160,Anil Agarwal,2021-02-06
161,Shivam Naidu,2024-06-20
162,Karan Menon,2022-07-13
163,Vikas Jain,2024-12-25
164,Aditya Rao,2018-09-15
165,Ramesh Patel,2018-07-01
166,Pranav Tripathi,2023-11-14
167,Vikas Mishra,2024-10-03
168,Yash Chopra,2021-06-11
169,Anup Agarwal,2024-01-02
170,Ravi Chopra,2019-07-22
171,Vikas Rana,2021-11-19
172,Karan Jain,2019-12-07
173,Nikhil Jain,2018-09-18
174,Anup Gupta,2022-12-05
175,Ajay Mishra,2018-07-22
176,Ramesh Joshi,2021-07-12
177,Ravi Patel,2024-07-07
178,Harsh Agarwal,2023-10-18
179,Karan Naidu,2019-07-02
180,Kunal Patel,2023-08-03
181,Suresh Bose,2023-02-21
182,Anil Gupta,2018-07-18
183,Lokesh Sharma,2021-04-19
184,Ramesh Tripathi,2023-10-01
185,Amit Agarwal,2022-09-18
186,Ramesh Verma,2021-07-11
187,Anil Menon,2018-12-23
188,Ravi Jain,2021-07-13
189,Ajay Rana,2022-12-23
190,Rohit Joshi,2020-06-07
191,Sunil Bose,2018-08-05
192,Anup Mishra,2021-01-24
193,Sanjay Shetty,2023-09-13
194,Rajesh Patel,2022-05-06
195,Lokesh Kumar,2020-02-14
196,Shivam Sharma,2019-02-16
197,Yash Sharma,2024-08-24
198,Manish Mehta,2019-07-25
199,Kishore Kumar,2021-09-20
200,Ramesh Rana,2018-09-09
201,Lokesh Joshi,2019-11-02
202,Tarun Tripathi,2021-02-27
203,Kishore Chopra,2023-12-06
204,Manish Rao,2021-07-26
205,Gaurav Chatterjee,2022-07-18
206,Aditya Verma,2023-11-01
207,Karan Verma,2021-06-07
208,Tarun Sharma,2020-11-16
209,Vikas Bajaj,2024-09-10
210,Shivam Shetty,2020-06-22
211,Arjun Patel,2018-10-09
212,Rahul Kumar,2023-06-21
213,Vikas Kumar,2019-04-13
214,Anil Chopra,2020-09-22
215,Vijay Jain,2022-04-01
216,Kunal Nair,2024-01-14
217,Arjun Chatterjee,2024-12-15
218,Suresh Rao,2023-05-06
219,Kunal Shetty,2018-07-10
220,Sanjay Rana,2018-11-21
221,Amit Kumar,2021-09-16
222,Nikhil Chatterjee,2019-08-25
223,Suresh Singh,2023-01-15
224,Sanjay Verma,2019-03-21
225,Rajesh Mehta,2019-02-09
226,Amit Bose,2024-11-23
227,Pranav Sharma,2022-02-09
228,Nikhil Patel,2020-04-15
229,Manish Bose,2019-01-08
230,Kishore Bose,2022-08-12
231,Rahul Mishra,2019-01-12
232,Deepak Rana,2021-08-26
233,Harsh Nair,2020-01-10
234,Karan Kumar,2023-12-25
235,Vikas Menon,2022-05-13
236,Karan Rao,2018-04-24
237,Yash Singh,2023-11-28
238,Vikas Patel,2022-10-22
239,Ramesh Jain,2022-07-10
240,Karan Tripathi,2021-01-14
241,Yash Jain,2018-09-07
242,Deepak Mehta,2020-07-15
243,Ramesh Bose,2021-07-12
244,Kapil Menon,2018-07-21
245,Nikhil Rana,2020-11-10
246,Vikas Chopra,2022-12-27
247,Harsh Mishra,2020-05-21
248,Sanjay Rao,2018-09-04
249,Vikas Naidu,2018-07-27
250,Kunal Kapoor,2020-09-08
251,Rahul Sharma,2019-06-16
252,Shivam Singh,2020-08-25
253,Anil Nair,2024-02-02
254,Sunil Sharma,2024-10-09
255,Rahul Reddy,2023-09-17
256,Ravi Shetty,2021-08-03
257,Kunal Bose,2020-10-18
258,Rajesh Verma,2019-10-27
259,Vijay Menon,2018-02-10
260,Kishore Pandey,2024-09-26
261,Arjun Kapoor,2024-01-19
262,Amit Bajaj,2020-12-18
263,Rajesh Rao,2021-12-15
264,Pranav Nair,2021-02-20
265,Aditya Singh,2023-07-13
266,Manish Chatterjee,2021-04-17
267,Amit Pandey,2024-05-20
268,Amit Mehta,2018-12-14
269,Nikhil Rao,2022-06-25
270,Kishore Verma,2019-04-12
271,Harsh Gupta,2023-12-19
272,Lokesh Jain,2018-09-13
273,Lokesh Patel,2020-04-16
274,Vijay Gupta,2024-11-26
275,Rahul Bajaj,2021-06-24
276,Deepak Sharma,2022-01-02
277,Yash Rao,2024-09-10
278,Rajesh Kapoor,2022-04-16
279,Shivam Jain,2020-04-09
280,Shivam Gupta,2018-04-22
281,Ajay Bose,2021-03-20
282,Rahul Nair,2023-11-16
283,Rajesh Joshi,2020-06-10
284,Vijay Agarwal,2020-04-18
285,Rajesh Gupta,2019-04-09
286,Suresh Naidu,2024-05-10
287,Vikas Mehta,2023-10-08
288,Ajay Tripathi,2018-10-25
289,Anil Rana,2018-01-25
290,Ramesh Shetty,2022-08-16
291,Suresh Shetty,2021-01-21
292,Harsh Rao,2024-09-20
293,Gaurav Bajaj,2020-04-04
294,Manish Joshi,2024-03-04
295,Sanjay Chatterjee,2019-10-07
296,Nikhil Bajaj,2020-08-07
297,Ajay Bajaj,2020-04-15
298,Arjun Bajaj,2023-07-16
299,Rajesh Mishra,2021-08-23
300,Anup Kumar,2019-08-14
301,Manish Pandey,2018-06-12
302,Harsh Tripathi,2024-03-12
303,Nikhil Kumar,2021-09-24
304,Lokesh Bajaj,2018-01-23
305,Pranav Chopra,2023-09-14
306,Aditya Kapoor,2022-12-15
307,Karan Agarwal,2022-03-18
308,Sanjay Sharma,2020-09-25
309,Ravi Nair,2021-12-19
310,Aditya Naidu,2019-06-16
311,Anup Verma,2021-05-27
312,Manish Nair,2019-01-25
313,Nikhil Tripathi,2024-10-28
314,Rohit Rana,2022-08-28
315,Kunal Joshi,2020-09-09
316,Kishore Gupta,2022-04-02
317,Lokesh Rana,2019-03-04
318,Harsh Bose,2020-10-12
319,Lokesh Agarwal,2019-11-01
320,Ravi Rana,2023-09-19
321,Manish Agarwal,2018-05-19
322,Lokesh Chatterjee,2024-04-06
323,Ajay Nair,2022-07-23
324,Sanjay Kapoor,2023-05-17
325,Ravi Mehta,2023-11-09
326,Vijay Naidu,2021-09-22
327,Nikhil Sharma,2022-02-14
328,Vijay Rao,2018-11-03
329,Sunil Reddy,2022-07-04
330,Lokesh Mehta,2021-03-22
331,Ajay Singh,2023-06-05
332,Pranav Agarwal,2022-07-18
333,Ravi Kumar,2019-03-05
334,Tarun Pandey,2019-01-01
335,Karan Gupta,2021-07-22
336,Shivam Verma,2024-05-02
337,Anup Tripathi,2024-04-02
338,Ravi Rao,2018-12-02
339,Sunil Patel,2018-04-21
340,Yash Joshi,2018-06-12
341,Manish Kapoor,2020-04-08
342,Kishore Kapoor,2024-06-19
343,Yash Mehta,2019-03-26
344,Gaurav Nair,2020-10-24
345,Kishore Mehta,2019-05-10
346,Amit Singh,2021-12-28
347,Arjun Gupta,2024-08-25
348,Vikas Sharma,2023-06-25
349,Kishore Jain,2018-01-20
350,Rohit Naidu,2023-06-15
351,Sunil Agarwal,2021-05-03
352,Arjun Mehta,2022-06-11
353,Kapil Sharma,2024-08-11
354,Anup Kapoor,2024-01-03
355,Karan Reddy,2024-05-12
356,Harsh Joshi,2019-01-28
357,Yash Pandey,2020-03-10
358,Manish Menon,2020-04-28
359,Arjun Menon,2022-12-22
360,Suresh Menon,2018-05-19
361,Gaurav Bose,2019-06-27
362,Amit Chopra,2021-10-26
363,Suresh Agarwal,2019-05-07
364,Gaurav Menon,2020-10-18
365,Deepak Singh,2019-08-09
366,Suresh Pandey,2024-03-20
367,Amit Nair,2021-01-02
368,Manish Reddy,2020-04-04
369,Ravi Gupta,2019-08-26
370,Kapil Naidu,2023-05-17
371,Lokesh Nair,2019-09-05
372,Rahul Jain,2018-03-07
373,Anup Patel,2020-06-16
374,Kishore Menon,2020-10-22
375,Vijay Mishra,2019-06-23
376,Sanjay Menon,2023-07-04
377,Shivam Rao,2020-09-24
378,Kunal Reddy,2020-11-16
379,Pranav Joshi,2022-10-10
380,Sanjay Singh,2023-10-25
381,Anil Verma,2018-02-23
382,Arjun Mishra,2022-07-25
383,Pranav Gupta,2021-07-14
384,Rohit Menon,2023-08-27
385,Vikas Chatterjee,2024-06-08
386,Anil Naidu,2021-06-16
387,Deepak Verma,2019-05-10
388,Kunal Sharma,2022-11-15
389,Harsh Kapoor,2018-08-09
390,Rohit Patel,2018-11-19
391,Nikhil Gupta,2023-12-15
392,Karan Kapoor,2020-12-16
393,Manish Verma,2020-08-04
394,Lokesh Pandey,2024-11-21
395,Deepak Nair,2018-06-16
396,Shivam Bajaj,2024-11-09
397,Kapil Chopra,2022-03-27
398,Shivam Rana,2024-04-22
399,Manish Sharma,2019-03-20
400,Vijay Bajaj,2020-02-12
401,Kapil Jain,2023-01-28
402,Shivam Chopra,2024-03-23
403,Karan Bose,2021-11-09
404,Harsh Menon,2023-05-26
405,Tarun Nair,2020-12-15
406,Kishore Nair,2018-04-13
407,Karan Rana,2018-11-13
408,Vijay Verma,2021-08-03
409,Kapil Singh,2018-07-23
410,Shivam Mehta,2023-04-07
411,Anup Naidu,2020-06-16
412,Harsh Singh,2023-06-12
413,Harsh Jain,2022-05-02
414,Lokesh Rao,2024-02-15
415,Rahul Chatterjee,2020-03-04
416,Anil Mishra,2023-09-19
417,Aditya Nair,2019-01-03
418,Ravi Reddy,2021-08-07
419,Tarun Singh,2020-01-06
420,Vikas Shetty,2021-09-11
421,Deepak Pandey,2019-03-15
422,Nikhil Shetty,2022-06-20
423,Ravi Mishra,2018-06-14
424,Anup Jain,2020-11-26
425,Sanjay Chopra,2023-10-12
426,Karan Joshi,2018-03-14
427,Vijay Sharma,2024-01-07
428,Kapil Gupta,2020-02-14
429,Gaurav Reddy,2019-01-07
430,Harsh Sharma,2022-04-28
431,Rohit Shetty,2019-02-05
432,Yash Menon,2021-12-22
433,Kishore Patel,2021-01-20
434,Arjun Bose,2022-05-23
435,Yash Mishra,2022-06-05
436,Shivam Kapoor,2022-09-21
437,Gaurav Gupta,2018-11-22
438,Gaurav Chopra,2020-09-25
439,Amit Gupta,2024-01-03
440,Ravi Agarwal,2019-07-22
441,Kunal Naidu,2020-06-22
442,Shivam Agarwal,2023-07-04
443,Rajesh Tripathi,2021-05-01
444,Ramesh Chatterjee,2020-06-01
445,Gaurav Verma,2024-07-05
446,Pranav Kapoor,2024-03-16
447,Rajesh Kumar,2024-01-08
448,Karan Bajaj,2023-02-21
449,Nikhil Verma,2020-01-26
450,Ajay Agarwal,2023-01-27
451,Anil Mehta,2023-03-27
452,Harsh Pandey,2022-03-21
453,Deepak Bajaj,2018-04-10
454,Kapil Pandey,2020-10-11
455,Lokesh Kapoor,2022-04-10
456,Gaurav Joshi,2023-01-11
457,Manish Singh,2020-12-24
458,Yash Kumar,2019-08-10
459,Pranav Naidu,2019-09-07
460,Kapil Patel,2019-05-19
461,Tarun Rana,2023-12-25
462,Suresh Kapoor,2023-09-22
463,Arjun Rao,2021-10-03
464,Anup Bajaj,2024-06-24
465,Ravi Chatterjee,2020-07-01
466,Lokesh Bose,2022-07-08
467,Shivam Kumar,2022-02-26
468,Karan Mehta,2022-08-01
469,Kunal Mishra,2023-08-28
470,Rohit Mishra,2023-08-09
471,Sanjay Patel,2019-09-15
472,Gaurav Rana,2021-07-27
473,Rajesh Singh,2018-07-15
474,Sanjay Tripathi,2023-03-22
475,Rohit Verma,2021-02-15
476,Ajay Patel,2023-08-02
477,Tarun Agarwal,2021-12-11
478,Rohit Bose,2020-07-19
479,Ravi Kapoor,2022-05-05
480,Anup Rao,2018-04-05
481,Amit Jain,2021-04-15
482,Rahul Shetty,2021-09-16
483,Amit Chatterjee,2022-07-03
484,Vijay Bose,2020-04-23
485,Anup Sharma,2023-04-11
486,Suresh Joshi,2020-02-20
487,Shivam Chatterjee,2024-06-01
488,Aditya Joshi,2022-04-23
489,Sunil Mishra,2022-12-11
490,Ajay Chopra,2023-02-10
491,Ajay Pandey,2020-05-02
492,Kishore Chatterjee,2023-04-23
493,Pranav Shetty,2021-10-11
494,Yash Nair,2021-09-03
495,Anil Jain,2021-09-24
496,Lokesh Shetty,2020-01-23
497,Shivam Pandey,2020-10-07
498,Sunil Rao,2019-08-21
499,Vikas Nair,2018-01-10
500,Deepak Agarwal,2021-02-20
